first_name,last_name,department,salary,employee_id
Joye,Wathell,IT,67078.9,1
Yul,Bulgen,HR,45172.51,2
Stacee,Bessom,Finance,91578.58,3
Onfroi,Northwood,Marketing,43729.37,4
Sidnee,Dunster,Operations,35216.29,5
Wheeler,Colnet,Finance,41341.43,6
Liuka,Galliver,Operations,76337.68,7
Germain,Lyne,HR,89738.31,8
Atalanta,Huetson,Finance,72759.41,9
Napoleon,Testro,Finance,31952.91,10
Leoine,Witton,Marketing,46207.94,11
Garrard,Grinyov,Marketing,54816.8,12
Corliss,Jailler,Finance,86213.79,13
Malinde,Alesi,HR,51792.67,14
Langsdon,Benham,IT,60609.15,15
Akim,Mafham,Finance,42782.07,16
Manon,Pattie,Operations,50249.1,17
Andrea,Crichley,Operations,70137.97,18
Nickey,Cardenas,IT,44274.17,19
Evie,Tennison,Finance,52825.59,20
Jesus,Cockayne,Marketing,68768.96,21
Wilfred,Stiles,Marketing,92546.72,22
Darby,Hindrick,Marketing,50034.14,23
Nikolia,Abyss,Marketing,88553.55,24
Tedd,Calwell,Finance,50395.12,25
Kaylee,Seeney,Finance,70043.23,26
Linda,Djurevic,IT,40138.35,27
Meta,Scurr,Marketing,71441.97,28
Rori,Belderson,HR,68464.19,29
Kori,Schutze,Operations,81884.11,30
Mari,Perfitt,Operations,38977.1,31
Chris,Plant,Marketing,92206.57,32
Lorene,Foston,HR,77853.91,33
Lory,Caldwall,IT,68892.89,34
Lawrence,Fairs,Marketing,62233.49,35
Vladimir,Salzburg,Operations,53005.15,36
Boote,Woof,HR,92635.53,37
Calli,Bonellie,IT,56563.87,38
Jermaine,Damrell,Finance,73306.98,39
Cecily,Kolczynski,Marketing,91034.44,40
Rafaelia,Grayshon,HR,89674.03,41
Seymour,Lohrensen,HR,32247.04,42
Diena,Walkingshaw,IT,44325.96,43
Demetris,Odby,IT,48750.53,44
Bernadina,Van der Son,Marketing,89452.76,45
Glenn,Hellwig,IT,71304.52,46
Gladys,Finnie,Finance,56092.19,47
Malorie,Albro,Marketing,88132.86,48
Eugenia,Lodwig,Marketing,72379.23,49
Fraze,Lantiff,HR,64042.68,50
Mireille,Santello,Finance,59604.36,51
Brendan,Vasiliu,Operations,41217.76,52
Auguste,Belcher,Operations,52167.23,53
Chicky,Demer,Operations,56222.86,54
Wiatt,Popple,IT,57749.51,55
Ruperto,Winser,HR,99185.55,56
Leone,Clemot,Marketing,83168.76,57
Suzi,Golde,Marketing,91094.85,58
Orbadiah,Gerrish,IT,78262.81,59
Nap,Reye,Marketing,36923.93,60
Katleen,Friel,HR,53304.4,61
Kristi,Askey,IT,74364.64,62
Chick,Ber,Operations,67410.39,63
Nicoli,Flageul,Marketing,69214.07,64
Madelena,Pessler,Marketing,93824.46,65
Daron,Southern,IT,44251.23,66
Stefan,Pepys,Marketing,82055.27,67
Elinor,Spilisy,IT,68889.88,68
Cahra,Jeffery,HR,62479.37,69
Marinna,Tedahl,Finance,36297.93,70
Charmion,Polland,HR,93735.34,71
Agathe,Bedbrough,HR,66491.01,72
Uta,Bodechon,HR,49465.24,73
Eugenia,Jedras,Operations,69246.89,74
Mylo,De Beneditti,Marketing,99756.8,75
Genovera,Laste,Operations,37534.03,76
Danica,Liversidge,HR,92630.18,77
Wini,Philipeau,Operations,60888.84,78
Alleyn,Eyers,IT,73575.56,79
Christophe,Salliere,Marketing,31938.44,80
Durward,Olivari,Operations,35293.98,81
Ebeneser,Dodsley,HR,89506.62,82
Karen,Poutress,Finance,97906.94,83
Tabina,Christon,Marketing,96127.99,84
Joleen,Osmon,Marketing,73851.14,85
Helenka,Bascombe,IT,51843.11,86
Doro,Gillean,Operations,79877.95,87
Viva,Bridgman,IT,49878.47,88
Cortney,Meads,Operations,44105.9,89
Arch,Lackeye,Finance,38771.36,90
Aidan,Chasier,Operations,37405.07,91
Perla,Freke,HR,80256.76,92
Franklyn,Le Sarr,Operations,38070.25,93
Cherye,Casol,Operations,51783.08,94
Cart,Crummay,IT,91268.27,95
Gae,Kausche,Marketing,89796.0,96
Laurie,Bullivent,Finance,97231.31,97
Arie,Loughren,Operations,47490.12,98
Randee,Hammett,Finance,54654.36,99
Kaleb,Maberley,Marketing,74010.36,100
